Name,Nickname
Children's Bureau,Children's Bureau
Alamed County Health Care Services Agency,Alamed County Health Care Services Agency
Alameda County HCSA,Alameda County HCSA
Alameda HCSA,Alameda HCSA
ASPE,ASPE
Census,Census
CMS,CMS
Dept of Education,Dept of Ed
DHHS PSC,DHHS PSC
Dept of Labor,DOL
GW Ins OF Public Policy,GW Ins OF Public Policy
HRSA,HRSA
IJIS Institute,IJIS Institute
Interior Business Center,Interior Business Center
ISSLOB,ISSLOB
NCHS/CDC,NCHS/CDC
NICHD,NICHD
NIDA,NIDA
NIH/Accounts Payable 444035,NIH/Accounts Payable 444035
OA&Non-ACF,OA&Non-ACF
OASH,OASH
OCSE&ACF,OCSE&ACF
Office of Family Assistance,OFA
OIS,OIS
OMB,OMB
OPRE,OPRE
SAMHSA,SAMHSA
Social Security Administration,SSA